{"cameraMode":{"drawMode":0,"name":"Shaded","section":"Shading Mode"},"sceneLighting":false,"audioPlay":false,"sceneViewState":{"m_AlwaysRefresh":false,"showFog":true,"showSkybox":false,"showFlares":true,"showImageEffects":true,"showParticleSystems":true,"showVisualEffectGraphs":true,"m_FxEnabled":true},"in2DMode":false,"pivot":{"x":-0.1702386736869812,"y":0.8459072113037109,"z":-0.1434633731842041},"rotation":{"x":0.3016781508922577,"y":-0.0885198563337326,"z":0.028093663975596429,"w":0.9489147663116455},"size":1.282165765762329,"orthographic":false}