{"cameraMode":{"drawMode":0,"name":"Shaded","section":"Shading Mode"},"sceneLighting":false,"audioPlay":false,"sceneViewState":{"m_AlwaysRefresh":false,"showFog":true,"showSkybox":false,"showFlares":true,"showImageEffects":true,"showParticleSystems":true,"showVisualEffectGraphs":true,"m_FxEnabled":true},"in2DMode":false,"pivot":{"x":-0.20669442415237428,"y":0.18802636861801148,"z":-0.14164996147155763},"rotation":{"x":-0.30207374691963198,"y":0.24869967997074128,"z":-0.08189594000577927,"w":-0.9166797399520874},"size":0.736506998538971,"orthographic":false}