{"cameraMode":{"drawMode":0,"name":"Shaded","section":"Shading Mode"},"sceneLighting":false,"audioPlay":false,"sceneViewState":{"m_AlwaysRefresh":false,"showFog":true,"showSkybox":false,"showFlares":true,"showImageEffects":true,"showParticleSystems":true,"showVisualEffectGraphs":true,"m_FxEnabled":true},"in2DMode":false,"pivot":{"x":-2.6000006198883058,"y":0.2892141342163086,"z":0.7499996423721314},"rotation":{"x":0.07100782543420792,"y":-0.6945029497146606,"z":0.06919649988412857,"w":0.7126446962356567},"size":0.5173555016517639,"orthographic":false}