{"cameraMode":{"drawMode":0,"name":"Shaded","section":"Shading Mode"},"sceneLighting":false,"audioPlay":false,"sceneViewState":{"m_AlwaysRefresh":false,"showFog":true,"showSkybox":false,"showFlares":true,"showImageEffects":true,"showParticleSystems":true,"showVisualEffectGraphs":true,"m_FxEnabled":true},"in2DMode":false,"pivot":{"x":-0.3546789586544037,"y":0.8577098846435547,"z":0.07478415966033936},"rotation":{"x":0.3321826159954071,"y":0.059362053871154788,"z":-0.020958801731467248,"w":0.9411327242851257},"size":1.284767508506775,"orthographic":false}